{"authorDailyContributionsMap":{"Amruth Pillai":[{"date":"2024-09-02","commitResults":[{"hash":"e3f3b8b4641448a280bff42b4ab0d23fcefb604c","isMergeCommit":false,"messageTitle":"bump version to 4.2.0","messageBody":"","fileTypesAndContributionMap":{"Dockerfile":{"insertions":1,"deletions":1},"tsx":{"insertions":5,"deletions":56},"yml":{"insertions":1,"deletions":3},"json":{"insertions":128,"deletions":141},"po":{"insertions":2104,"deletions":2104},"ts":{"insertions":29,"deletions":22},"yaml":{"insertions":5083,"deletions":3873}}},{"hash":"87a395683d99c14b224c6d501323c6312e6a7888","isMergeCommit":false,"messageTitle":"fix eslint issues","messageBody":"","fileTypesAndContributionMap":{"json":{"insertions":9,"deletions":0},"js":{"insertions":1,"deletions":1},"ts":{"insertions":1,"deletions":1}}}]},{"date":"2024-09-04","commitResults":[{"hash":"1bed63a4af591182295eca311e41dac34a283b8c","isMergeCommit":true,"messageTitle":"Merge pull request #2030 from rinczefi-user/rinczefi-patch","messageBody":"set endOfLine to auto to support the codebase also on windows machines","fileTypesAndContributionMap":{}}]}],"Inczefi Robert":[{"date":"2024-09-04","commitResults":[{"hash":"a530fce78c550b33cca8094b662b8eae623bb3e4","isMergeCommit":false,"messageTitle":"set endOfLine to auto to support the codebase also on windows machines","messageBody":"","fileTypesAndContributionMap":{"json":{"insertions":8,"deletions":0},"prettierrc":{"insertions":2,"deletions":1}}}]}]},"authorFileTypeContributionMap":{"Amruth Pillai":{"yml":1,"Dockerfile":1,"json":137,"js":1,"ts":16,"po":2103,"tsx":5,"yaml":5075},"Inczefi Robert":{"json":8,"prettierrc":2}},"authorContributionVariance":{"Amruth Pillai":7651429.0,"Inczefi Robert":5.032136},"authorDisplayNameMap":{"Amruth Pillai":"Amruth Pillai","Inczefi Robert":"Inczefi Robert"}}
