{"repoSenseVersion":"29b9f5fbd7","reportGeneratedTime":"Fri Sep 13 06:07:56 2024 UTC","reportGenerationTime":" 8.53 second(s)","zoneId":"Etc/UTC","reportTitle":"RepoSense Report","repos":[{"location":{"location":"https://github.com/AmruthPillai/Reactive-Resume.git","repoName":"Reactive-Resume","organization":"AmruthPillai","domainName":"github"},"branch":"main","displayName":"AmruthPillai/Reactive-Resume[main]","outputFolderName":"AmruthPillai_Reactive-Resume_main"}],"errorSet":[],"sinceDate":"2024-08-13","untilDate":"2024-09-13","isSinceDateProvided":false,"isUntilDateProvided":false,"supportedDomainUrlMap":{"NOT_RECOGNIZED":{"BRANCH":"","REPO_URL":"UNSUPPORTED","BASE_URL":"UNSUPPORTED","HISTORY_PATH":"","COMMIT_PATH":"","BLAME_PATH":""},"github":{"BRANCH":"tree/$BRANCH","REPO_URL":"https://github.com/$ORGANIZATION/$REPO_NAME/","BASE_URL":"https://github.com/","HISTORY_PATH":"commits/$BRANCH/$FILE_PATH","COMMIT_PATH":"commit/$COMMIT_HASH","BLAME_PATH":"blame/$BRANCH/$FILE_PATH"}},"isAuthorshipAnalyzed":false}
