{"repoSenseVersion":"29b9f5fbd7","reportGeneratedTime":"Fri Sep 13 08:25:14 2024 UTC+02:00","reportGenerationTime":" 35 minute(s) 33.25 second(s)","zoneId":"UTC+02:00","reportTitle":"RepoSense Report","repos":[{"location":{"location":"https://github.com/AmruthPillai/Reactive-Resume.git","repoName":"Reactive-Resume","organization":"AmruthPillai","domainName":"github"},"branch":"main","displayName":"AmruthPillai/Reactive-Resume[main]","outputFolderName":"AmruthPillai_Reactive-Resume_main"}],"errorSet":[],"sinceDate":"2020-03-24","untilDate":"2024-09-13","isSinceDateProvided":true,"isUntilDateProvided":false,"supportedDomainUrlMap":{"NOT_RECOGNIZED":{"BRANCH":"","REPO_URL":"UNSUPPORTED","BASE_URL":"UNSUPPORTED","HISTORY_PATH":"","COMMIT_PATH":"","BLAME_PATH":""},"github":{"BRANCH":"tree/$BRANCH","REPO_URL":"https://github.com/$ORGANIZATION/$REPO_NAME/","BASE_URL":"https://github.com/","HISTORY_PATH":"commits/$BRANCH/$FILE_PATH","COMMIT_PATH":"commit/$COMMIT_HASH","BLAME_PATH":"blame/$BRANCH/$FILE_PATH"}},"isAuthorshipAnalyzed":true}
